,bat_per_epo,d_loss_real,d_loss_fake,g_loss
0,0.0,0.0,0.0,0.0
1,390.0,1.3271832,1.3285593,0.18095388
2,390.0,1.4721031,1.4728415,0.13223302
